{"cameraMode":{"drawMode":0,"name":"Shaded","section":"Shading Mode"},"sceneLighting":true,"audioPlay":false,"sceneViewState":{"m_AlwaysRefresh":false,"showFog":true,"showSkybox":true,"showFlares":true,"showImageEffects":true,"showParticleSystems":true,"showVisualEffectGraphs":true,"m_FxEnabled":true},"in2DMode":false,"pivot":{"x":4.0021562576293949,"y":-3.323727607727051,"z":13.610221862792969},"rotation":{"x":-0.49881064891815188,"y":0.014816733077168465,"z":-0.008529050275683403,"w":-0.8665435910224915},"size":8.541488647460938,"orthographic":false}