{"cameraMode":{"drawMode":0,"name":"Shaded","section":"Shading Mode"},"sceneLighting":true,"audioPlay":false,"sceneViewState":{"m_AlwaysRefresh":false,"showFog":true,"showSkybox":true,"showFlares":true,"showImageEffects":true,"showParticleSystems":true,"showVisualEffectGraphs":true,"m_FxEnabled":true},"in2DMode":false,"pivot":{"x":0.8336982131004334,"y":-5.497706413269043,"z":16.56109619140625},"rotation":{"x":0.26167938113212588,"y":-0.13125625252723695,"z":0.03593001514673233,"w":0.9555097818374634},"size":8.827047348022461,"orthographic":false}