{"cameraMode":{"drawMode":0,"name":"Shaded","section":"Shading Mode"},"sceneLighting":true,"audioPlay":false,"sceneViewState":{"m_AlwaysRefresh":false,"showFog":true,"showSkybox":true,"showFlares":true,"showImageEffects":true,"showParticleSystems":true,"showVisualEffectGraphs":true,"m_FxEnabled":true},"in2DMode":false,"pivot":{"x":1.6299983263015748,"y":-0.7522186040878296,"z":19.701759338378908},"rotation":{"x":0.26167938113212588,"y":-0.13125625252723695,"z":0.03593001514673233,"w":0.9555097818374634},"size":5.813781261444092,"orthographic":false}